"pm10","pm25","so2","co","o3","no2","categori"
"38","53","29","6","31","13","1"
"27","46","27","7","47","7","0"
"44","58","25","7","40","13","1"
"30","48","24","4","32","7","0"
"38","53","24","6","31","9","1"
"41","58","23","13","46","13","1"
"35","47","22","6","39","10","0"
"37","54","26","16","17","10","1"
"47","61","16","27","22","12","1"
"23","25","16","11","33","8","0"
"38","54","17","14","27","10","1"
"29","50","20","12","26","15","0"
"34","44","17","13","20","9","0"
"36","57","15","15","26","13","1"
"42","62","14","15","32","12","1"
"52","73","15","17","25","14","1"
"52","71","17","15","26","14","1"
"40","52","16","11","26","12","1"
"31","41","13","12","25","12","0"
"35","34","12","12","22","13","0"
"43","51","13","14","28","15","1"
"49","63","14","14","28","15","1"
"72","108","14","43","44","20","2"
"33","48","12","14","23","10","0"
"56","82","13","29","62","15","1"
"52","70","14","19","28","13","1"
"20","20","13","10","19","8","0"
"27","41","14","18","17","11","0"
"30","53","16","17","24","11","1"
"27","37","13","16","24","12","0"
"36","51","13","16","26","10","1"
"38","58","2","11","65","6","1"
"51","67","12","27","80","12","1"
"24","39","13","10","59","14","1"
"35","54","13","12","68","13","1"
"27","51","15","7","77","15","1"
"33","44","13","10","68","7","1"
"28","49","11","6","65","11","1"
"42","60","11","14","65","12","1"
"49","71","13","10","67","9","1"
"55","75","16","10","93","10","1"
"35","49","13","5","78","9","1"
"31","42","11","6","58","9","1"
"42","45","11","6","72","6","1"
"46","44","12","9","67","13","1"
"51","60","12","8","67","16","1"
"73","108","14","43","104","19","2"
"51","59","12","9","75","7","1"
"62","86","14","26","134","14","2"
"54","76","26","14","71","12","1"
"21","29","25","7","63","5","1"
"28","49","25","10","53","7","1"
"28","49","26","7","65","9","1"
"27","39","25","10","64","8","1"
"38","55","24","11","68","7","1"
"43","56","15","10","33","5","1"
"58","86","15","22","38","5","1"
"64","93","14","20","35","5","1"
"50","67","13","15","17","4","1"
"59","89","15","19","42","7","1"
"52","81","18","28","52","11","1"
"22","52","16","12","44","5","1"
"26","68","21","22","40","9","1"
"25","77","17","32","31","8","1"
"15","33","16","7","23","4","0"
"26","47","16","6","39","3","0"
"29","78","20","14","40","8","1"
"24","82","19","16","64","6","1"
"70","92","19","16","60","7","1"
"58","86","22","11","43","9","1"
"51","64","21","7","38","5","1"
"42","56","19","7","37","6","1"
"84","112","20","33","57","10","2"
"89","126","19","42","64","13","2"
"64","90","19","31","34","10","1"
"60","95","18","23","67","8","1"
"54","79","18","15","50","7","1"
"33","37","17","5","30","4","0"
"26","49","16","9","26","5","0"
"28","16","17","9","48","4","0"
"46","13","16","10","41","4","0"
"59","79","21","26","15","31","1"
"30","46","21","14","16","24","0"
"23","33","19","11","14","19","0"
"36","53","23","14","12","24","1"
"29","36","20","14","12","21","0"
"27","34","21","8","21","15","0"
"25","23","19","7","19","12","0"
"24","26","19","10","18","17","0"
"33","40","22","12","14","22","0"
"32","38","21","10","12","16","0"
"26","37","23","13","9","17","0"
"41","52","26","16","10","16","1"
"25","37","20","9","19","16","0"
"33","47","18","11","19","19","0"
"34","47","20","13","17","25","0"
"26","28","18","11","18","26","0"
"39","57","23","23","12","33","1"
"43","59","29","13","12","29","1"
"29","41","19","20","12","23","0"
"30","38","18","11","18","20","0"
"31","45","18","10","16","17","0"
"51","67","20","18","11","23","1"
"50","64","22","11","20","23","1"
"30","42","22","10","9","16","0"
"31","48","26","12","14","17","0"
"29","38","18","13","18","20","0"
"49","67","23","15","17","31","1"
"43","60","19","12","19","18","1"
"64","87","38","16","46","25","1"
"30","42","38","4","55","15","1"
"24","35","38","4","42","15","0"
"33","50","39","7","47","15","0"
"25","35","39","5","45","13","0"
"33","50","39","6","47","16","0"
"34","46","39","4","49","10","0"
"33","49","43","6","35","11","0"
"43","62","43","14","33","11","1"
"27","47","38","8","40","11","0"
"34","53","40","11","42","14","1"
"36","52","39","13","37","17","1"
"28","41","38","11","42","15","0"
"41","61","40","25","41","27","1"
"40","55","44","10","41","16","1"
"32","51","42","16","41","20","1"
"31","34","38","8","53","9","1"
"36","40","39","9","48","9","0"
"60","69","42","15","41","19","1"
"48","61","40","9","54","17","1"
"30","39","40","10","33","10","0"
"30","45","43","12","45","12","0"
"59","71","44","15","50","20","1"
"66","76","40","14","60","18","1"
"73","110","28","18","26","18","2"
"53","70","25","10","27","14","1"
"32","53","27","6","24","9","1"
"29","54","26","11","24","13","1"
"27","51","24","10","24","12","1"
"34","53","24","8","32","12","1"
"33","50","24","9","30","13","0"
"26","42","24","9","35","12","0"
"33","53","25","9","23","12","1"
"50","64","24","11","23","10","1"
"38","57","23","6","18","7","1"
"63","98","25","13","20","8","1"
"59","89","26","12","30","13","1"
"55","73","25","11","35","13","1"
"40","62","24","9","32","12","1"
"36","51","24","9","34","15","1"
"46","67","26","15","28","18","1"
"53","70","28","8","26","12","1"
"28","51","25","13","23","14","1"
"45","59","25","13","29","15","1"
"29","42","24","7","30","9","0"
"68","103","26","22","30","14","2"
"66","90","26","12","29","16","1"
"27","54","25","6","24","7","1"
"41","61","25","10","40","16","1"
"50","73","27","10","41","16","1"
"64","94","25","13","27","15","1"
"37","59","40","14","22","12","1"
"24","52","40","9","21","8","1"
"19","53","40","12","19","10","1"
"19","41","40","12","20","9","0"
"18","48","40","7","28","6","0"
"25","55","40","10","22","11","1"
"17","44","39","10","21","9","0"
"31","57","40","13","19","9","1"
"30","58","40","13","20","8","1"
"21","50","40","7","16","5","0"
"33","65","40","12","19","5","1"
"43","62","40","11","25","9","1"
"34","57","39","11","26","9","1"
"42","66","40","11","25","12","1"
"43","63","40","11","23","13","1"
"38","66","40","22","21","15","1"
"37","60","41","10","22","11","1"
"25","51","39","16","20","13","1"
"33","63","39","12","24","12","1"
"21","50","39","10","23","10","0"
"59","95","40","21","25","12","1"
"51","83","40","16","24","11","1"
"42","61","39","9","13","6","1"
"16","45","39","9","19","4","0"
"48","75","39","11","23","13","1"
"59","94","40","13","30","12","1"
"68","113","39","18","24","14","2"
"70","126","29","26","15","34","2"
"23","40","27","5","16","10","0"
"32","59","28","9","14","17","1"
"31","52","27","7","13","11","1"
"23","50","36","6","10","13","0"
"35","65","38","11","11","42","1"
"27","55","27","5","20","8","1"
"36","61","24","9","20","11","1"
"32","56","24","10","18","17","1"
"24","35","21","7","22","9","0"
"44","71","33","25","14","37","1"
"38","60","41","8","17","17","1"
"27","52","24","16","14","33","1"
"32","52","22","10","21","15","1"
"29","52","22","8","18","12","1"
"56","92","25","20","16","40","1"
"49","77","28","8","21","12","1"
"24","40","28","4","11","7","0"
"28","52","31","7","13","23","1"
"24","49","21","7","22","18","0"
"39","64","27","10","25","24","1"
"50","77","22","9","22","13","1"
"37","60","20","12","12","17","1"
"38","55","20","15","14","28","1"
"49","67","19","21","17","35","1"
"51","75","22","18","19","31","1"
"52","69","20","16","16","30","1"
"51","73","20","22","15","37","1"
"57","88","23","23","19","31","1"
"47","63","21","16","11","19","1"
"36","50","23","15","10","22","0"
"45","65","20","20","14","27","1"
"27","35","19","9","15","21","0"
"44","58","24","12","13","25","1"
"37","62","27","13","13","25","1"
"39","60","23","14","10","19","1"
"45","70","29","18","13","34","1"
"55","80","32","13","21","36","1"
"59","93","25","19","20","45","1"
"64","102","30","15","25","40","2"
"60","88","29","14","24","35","1"
"55","80","28","16","19","31","1"
"43","55","21","11","18","17","1"
"38","61","21","13","14","18","1"
"37","54","23","11","12","16","1"
"32","53","21","10","9","15","1"
"25","47","22","9","14","17","0"
"50","69","23","19","19","28","1"
"53","71","29","13","18","33","1"
"54","75","20","15","31","31","1"
"55","77","19","19","21","37","1"
"53","69","24","15","14","30","1"
"43","57","22","13","15","23","1"
"48","66","45","13","38","18","1"
"55","61","50","12","53","21","1"
"59","76","46","19","50","30","1"
"56","79","45","16","49","28","1"
"65","81","54","16","59","26","1"
"71","89","59","23","52","31","1"
"60","84","29","23","51","27","1"
"52","65","28","16","41","15","1"
"51","55","27","13","33","15","1"
"56","81","42","21","42","26","1"
"38","50","26","9","43","9","0"
"51","60","27","12","45","19","1"
"40","58","29","11","41","16","1"
"50","62","27","12","37","15","1"
"51","72","33","15","49","19","1"
"67","89","41","13","57","25","1"
"78","107","55","20","53","41","2"
"78","115","43","14","74","23","2"
"73","93","39","13","59","26","1"
"61","94","41","15","56","24","1"
"47","58","29","11","51","14","1"
"45","67","30","13","43","17","1"
"48","55","30","9","44","11","1"
"33","57","27","11","37","8","1"
"36","53","29","9","41","13","1"
"57","77","35","18","53","21","1"
"62","83","49","12","63","19","1"
"57","76","43","15","71","18","1"
"65","88","48","18","67","25","1"
"53","68","34","13","55","17","1"
"39","58","30","12","48","18","1"
"62","97","28","13","21","14","1"
"54","71","26","13","41","14","1"
"57","83","27","18","38","20","1"
"56","77","29","13","28","19","1"
"54","77","31","11","39","20","1"
"54","80","27","17","34","18","1"
"64","93","28","18","31","19","1"
"53","77","28","11","18","10","1"
"41","63","30","7","19","10","1"
"60","89","28","14","25","14","1"
"29","52","26","7","28","11","1"
"66","99","29","13","29","15","1"
"53","72","29","7","23","9","1"
"52","73","28","10","16","10","1"
"51","76","28","9","25","10","1"
"59","88","40","8","41","18","1"
"71","106","32","11","39","19","2"
"61","99","35","7","42","18","1"
"59","87","33","7","39","14","1"
"65","106","31","12","45","17","2"
"81","118","27","15","37","16","2"
"62","93","26","15","36","10","1"
"51","77","26","9","27","8","1"
"43","64","26","6","27","8","1"
"38","62","26","7","28","9","1"
"55","79","27","13","39","11","1"
"51","73","30","11","56","19","1"
"47","63","27","10","43","17","1"
"51","19","26","14","48","21","1"
"59","24","29","10","33","20","1"
"56","22","12","18","32","25","1"
"56","96","40","13","19","9","1"
"46","81","39","17","29","14","1"
"62","103","40","19","33","11","2"
"51","79","40","14","32","13","1"
"61","95","40","22","32","13","1"
"60","102","41","23","34","14","2"
"58","81","40","16","19","6","1"
"24","55","41","10","18","8","1"
"56","89","40","21","21","12","1"
"28","53","39","9","25","9","1"
"53","83","41","19","22","13","1"
"37","69","41","10","20","9","1"
"40","68","41","16","14","9","1"
"37","77","42","14","24","12","1"
"57","101","46","13","37","18","2"
"68","123","43","20","37","14","2"
"68","125","45","16","37","22","2"
"57","91","42","12","42","15","1"
"55","98","44","12","38","18","1"
"57","85","41","16","22","17","1"
"52","78","41","15","20","11","1"
"38","62","41","8","12","7","1"
"30","55","40","7","13","9","1"
"36","68","41","8","19","12","1"
"52","83","42","17","31","16","1"
"58","91","43","13","35","20","1"
"50","75","41","14","37","16","1"
"54","84","41","18","35","19","1"
"41","76","42","14","21","25","1"
"48","69","43","12","25","18","1"
"29","60","23","7","16","12","1"
"35","65","23","11","22","17","1"
"49","79","24","13","20","21","1"
"43","75","26","14","20","28","1"
"53","88","25","25","16","42","1"
"59","103","30","18","22","26","2"
"45","67","27","12","11","22","1"
"35","62","31","7","12","16","1"
"53","91","27","21","17","39","1"
"35","62","33","6","19","10","1"
"44","72","27","11","13","21","1"
"55","92","34","17","18","33","1"
"54","87","40","11","28","18","1"
"65","117","31","17","28","32","2"
"62","107","40","11","34","17","2"
"58","96","35","10","33","16","1"
"56","89","32","9","22","17","1"
"37","62","24","6","17","9","1"
"38","67","23","7","14","10","1"
"35","59","25","6","11","14","1"
"26","52","21","4","13","6","1"
"23","53","23","4","21","5","1"
"48","79","24","10","23","19","1"
"51","83","38","12","24","23","1"
"50","78","22","12","34","19","1"
"54","91","21","17","29","26","1"
"44","72","35","8","18","18","1"
"40","62","25","7","16","15","1"
"26","42","22","11","13","19","0"
"41","54","27","11","17","19","1"
"25","42","20","8","18","22","0"
"57","78","21","23","14","33","1"
"52","69","22","15","18","27","1"
"33","55","27","10","14","18","1"
"30","47","25","11","13","19","0"
"38","55","33","12","13","22","1"
"54","69","26","14","15","28","1"
"48","66","23","13","17","29","1"
"45","68","31","12","25","31","1"
"55","69","26","20","15","31","1"
"55","68","23","18","21","40","1"
"51","71","27","15","25","32","1"
"56","74","24","24","21","40","1"
"55","76","24","20","16","42","1"
"65","101","24","19","19","41","2"
"57","79","24","11","25","26","1"
"63","92","25","14","26","30","1"
"56","83","25","12","21","30","1"
"63","87","24","19","14","37","1"
"54","81","25","14","23","40","1"
"66","99","25","16","21","42","1"
"66","99","23","18","30","40","1"
"63","86","24","15","17","36","1"
"56","79","26","10","22","24","1"
"62","94","26","12","23","28","1"
"54","77","21","15","21","34","1"
"57","71","23","17","18","38","1"
"61","84","23","18","20","42","1"
"22","38","28","9","43","10","0"
"39","57","34","11","42","13","1"
"23","51","33","9","57","10","1"
"63","80","40","17","49","23","1"
"54","69","30","13","59","18","1"
"43","61","32","10","36","15","1"
"30","52","33","9","43","8","1"
"39","57","34","10","40","14","1"
"53","64","32","10","49","25","1"
"44","61","34","9","50","19","1"
"54","72","42","12","60","22","1"
"69","93","51","20","54","23","1"
"70","82","63","14","64","21","1"
"65","81","55","16","65","22","1"
"67","85","55","21","50","34","1"
"69","94","55","17","50","28","1"
"76","101","56","16","50","22","2"
"63","92","52","11","60","14","1"
"75","101","51","15","65","20","2"
"88","115","61","17","73","25","2"
"74","101","55","15","58","20","2"
"64","87","52","10","59","14","1"
"74","97","51","11","65","17","1"
"61","81","51","13","56","18","1"
"69","85","60","15","44","26","1"
"71","91","57","14","55","21","1"
"28","52","26","5","35","7","1"
"51","70","33","8","37","10","1"
"35","51","32","3","34","5","1"
"48","69","26","16","33","19","1"
"52","72","27","14","32","22","1"
"50","75","19","7","32","14","1"
"58","93","19","13","27","17","1"
"57","83","20","8","39","14","1"
"70","100","20","11","32","16","1"
"57","73","19","9","41","15","1"
"59","88","19","13","27","19","1"
"57","84","19","10","26","16","1"
"64","104","13","9","34","16","2"
"51","80","11","9","32","16","1"
"39","23","10","12","26","17","0"
"22","49","41","7","18","12","0"
"37","62","44","11","18","12","1"
"39","67","42","9","22","14","1"
"64","103","43","26","23","20","2"
"52","80","43","14","23","16","1"
"30","50","43","6","15","10","0"
"22","38","42","5","16","8","0"
"24","55","48","8","14","10","1"
"42","63","43","8","21","13","1"
"61","90","43","15","27","21","1"
"66","108","47","18","35","24","2"
"57","92","43","18","27","17","1"
"52","78","44","13","31","20","1"
"52","79","42","13","31","14","1"
"55","87","42","27","25","27","1"
"61","90","42","17","21","20","1"
"63","109","43","20","27","19","2"
"56","90","45","10","34","17","1"
"64","103","43","16","27","17","2"
"60","99","45","10","34","17","1"
"67","112","19","13","31","24","2"
"65","98","33","13","31","20","1"
"73","116","37","17","20","17","2"
"64","117","37","11","22","14","2"
"75","138","38","11","27","13","2"
"55","94","37","9","28","17","1"
"51","78","37","12","23","19","1"
"15","34","24","3","16","4","0"
"35","58","38","7","19","16","1"
"21","47","20","6","22","12","0"
"62","102","20","30","19","37","2"
"47","76","24","12","22","28","1"
"30","54","31","4","18","6","1"
"25","42","30","4","17","6","0"
"32","55","51","5","14","12","1"
"52","77","34","7","18","21","1"
"45","77","31","9","24","18","1"
"46","75","50","9","31","18","1"
"58","90","30","19","21","31","1"
"50","78","30","15","30","27","1"
"48","79","31","12","27","23","1"
"54","88","23","24","30","42","1"
"55","88","29","18","23","44","1"
"67","118","29","16","28","31","2"
"55","93","29","11","32","16","1"
"62","108","32","13","32","19","2"
"51","88","32","9","28","20","1"
"62","105","25","15","25","25","2"
"56","96","26","9","39","17","1"
"66","111","26","12","33","22","2"
"60","99","29","12","37","24","1"
"58","97","23","12","27","19","1"
"52","82","28","10","26","19","1"
"56","95","33","9","28","18","1"
"49","81","21","10","26","22","1"
"43","73","22","14","26","25","1"
"52","83","23","12","28","23","1"
"52","71","23","10","20","33","1"
"50","67","22","9","18","17","1"
"53","70","26","10","20","20","1"
"59","77","31","14","14","26","1"
"58","82","22","18","14","38","1"
"49","65","19","16","18","38","1"
"54","70","20","26","19","45","1"
"52","69","20","12","19","28","1"
"41","57","18","9","26","21","1"
"47","69","19","10","25","21","1"
"60","88","24","12","25","24","1"
"59","79","21","10","25","21","1"
"70","110","24","14","24","20","2"
"52","72","24","8","25","14","1"
"51","67","26","11","20","19","1"
"51","65","23","8","20","16","1"
"47","65","22","11","24","24","1"
"40","54","24","10","23","26","1"
"52","69","23","17","19","36","1"
"57","79","24","12","23","27","1"
"52","76","24","15","22","34","1"
"56","79","22","16","28","36","1"
"60","91","24","21","27","37","1"
"74","108","22","20","23","38","2"
"44","60","23","15","23","35","1"
"56","77","27","11","21","24","1"
"51","64","27","8","16","20","1"
"54","70","29","12","16","24","1"
"56","76","23","14","17","32","1"
"47","61","24","16","18","29","1"
"55","73","21","15","19","33","1"
"62","74","51","10","57","14","1"
"59","74","50","9","51","11","1"
"68","82","54","12","39","17","1"
"64","83","53","14","45","20","1"
"57","72","53","13","66","21","1"
"67","83","61","20","46","33","1"
"60","79","53","11","54","17","1"
"46","59","46","9","61","7","1"
"55","73","51","10","58","8","1"
"69","87","50","11","57","12","1"
"67","87","52","10","63","8","1"
"81","112","49","13","48","9","2"
"54","70","55","11","51","13","1"
"41","55","48","8","49","10","1"
"56","77","52","13","55","21","1"
"66","87","53","12","56","17","1"
"60","81","58","13","65","21","1"
"64","90","62","15","66","28","1"
"73","97","64","18","57","34","1"
"86","116","74","19","72","30","2"
"56","64","52","12","66","19","1"
"62","83","52","12","64","20","1"
"60","73","52","10","62","13","1"
"66","81","53","11","63","16","1"
"60","76","46","13","66","21","1"
"53","65","55","17","51","28","1"
"62","81","49","14","71","20","1"
"55","83","12","9","25","16","1"
"61","102","23","13","35","20","2"
"39","66","20","9","60","15","1"
"39","69","19","15","151","20","2"
"50","76","20","8","71","15","1"
"35","58","17","6","47","13","1"
"46","76","22","8","66","13","1"
"49","74","47","8","26","14","1"
"53","73","45","10","25","15","1"
"60","85","49","12","31","19","1"
"51","60","45","7","27","13","1"
"58","82","47","8","29","16","1"
"51","68","51","5","23","11","1"
"58","23","45","8","19","16","1"
"74","113","41","15","17","13","2"
"73","117","38","20","21","21","2"
"54","77","37","7","27","16","1"
"51","78","38","22","25","20","1"
"56","87","39","9","29","15","1"
"46","66","37","6","31","11","1"
"42","73","37","7","31","12","1"
"65","102","38","8","31","11","2"
"67","105","37","9","27","11","2"
"75","112","36","13","24","13","2"
"51","76","38","3","27","8","1"
"49","74","37","4","28","17","1"
"61","99","39","10","25","23","1"
"60","103","36","9","29","19","2"
"55","95","37","9","27","20","1"
"64","107","43","31","30","26","2"
"72","118","57","26","33","24","2"
"42","68","49","7","37","22","1"
"55","93","38","9","28","20","1"
"50","79","41","6","26","18","1"
"56","93","40","11","26","20","1"
"57","91","40","10","29","26","1"
"47","72","41","15","26","23","1"
"59","93","41","9","37","24","1"
"47","77","22","9","27","15","1"
"41","69","29","7","23","11","1"
"42","69","34","7","25","12","1"
"50","77","40","10","19","24","1"
"54","90","25","14","21","25","1"
"37","67","19","11","29","20","1"
"50","82","21","20","31","32","1"
"43","74","21","8","30","14","1"
"33","58","17","6","38","6","1"
"40","72","23","8","38","8","1"
"53","89","29","9","38","13","1"
"50","83","27","8","36","10","1"
"65","115","25","14","31","13","2"
"51","81","25","7","32","6","1"
"51","81","24","10","25","13","1"
"39","69","23","8","28","8","1"
"45","75","22","10","29","13","1"
"30","56","24","7","39","12","1"
"51","82","22","15","26","24","1"
"51","87","26","8","28","16","1"
"50","84","25","13","26","24","1"
"52","90","21","14","30","21","1"
"63","109","24","23","27","40","2"
"64","108","25","17","30","25","2"
"44","70","24","9","30","22","1"
"48","79","34","7","24","17","1"
"34","61","32","5","20","11","1"
"49","77","37","8","20","19","1"
"54","88","37","11","19","29","1"
"46","66","24","15","18","29","1"
"52","82","21","11","27","18","1"
"59","83","22","18","19","35","1"
"59","84","21","20","24","38","1"
"54","76","22","20","17","41","1"
"63","87","20","13","14","30","1"
"59","79","23","20","19","38","1"
"59","83","22","15","19","32","1"
"52","72","24","13","28","31","1"
"58","80","26","16","24","38","1"
"58","77","24","14","23","34","1"
"66","89","23","23","18","47","1"
"59","77","22","15","23","40","1"
"57","77","24","17","27","35","1"
"51","70","23","14","25","25","1"
"58","82","25","13","22","26","1"
"62","86","31","13","17","29","1"
"56","74","39","18","13","35","1"
"56","80","28","25","17","39","1"
"64","84","29","17","16","34","1"
"54","68","26","21","13","45","1"
"75","109","33","25","21","44","2"
"52","64","24","16","18","31","1"
"44","58","27","15","16","32","1"
"54","79","26","17","24","43","1"
"65","90","31","17","17","39","1"
"59","82","36","14","17","32","1"
"54","66","31","10","21","23","1"
"65","94","27","18","22","32","1"
"55","79","24","18","26","38","1"
"66","94","30","15","20","28","1"
"65","94","26","19","19","38","1"
"60","82","50","16","64","26","1"
"68","92","54","16","76","28","1"
"68","93","57","16","61","32","1"
"66","86","46","12","76","13","1"
"64","84","51","16","65","25","1"
"61","80","50","11","72","14","1"
"61","83","52","15","68","24","1"
"70","99","53","14","72","23","1"
"68","87","54","13","67","22","1"
"71","99","56","15","48","32","1"
"65","90","51","12","61","25","1"
"67","91","54","12","57","25","1"
"55","73","52","11","58","17","1"
"69","91","53","12","58","20","1"
"69","90","52","11","44","16","1"
"67","85","66","17","43","28","1"
"61","84","51","20","44","33","1"
"77","98","59","15","49","27","1"
"64","77","59","16","41","43","1"
"81","108","66","18","44","35","2"
"62","75","55","14","44","28","1"
"59","72","54","14","38","27","1"
"66","91","51","13","51","28","1"
"80","99","54","14","42","28","1"
"70","84","58","12","40","23","1"
"62","79","53","9","53","17","1"
"67","94","57","11","57","18","1"
"65","93","53","16","61","28","1"
"75","102","52","12","51","18","2"
"79","105","57","14","55","28","2"
"58","87","44","8","23","15","1"
"63","95","45","11","26","19","1"
"55","78","47","7","24","14","1"
"54","82","48","7","34","15","1"
"59","88","48","8","26","16","1"
"67","97","48","14","26","22","1"
"60","86","47","9","30","17","1"
"53","73","49","6","35","13","1"
"49","71","49","6","32","12","1"
"59","88","49","7","23","15","1"
"73","114","52","9","24","21","2"
"63","89","51","10","21","17","1"
"66","99","50","14","21","19","1"
"62","87","48","10","25","21","1"
"63","93","50","7","18","22","1"
"80","111","52","7","24","29","2"
"53","64","48","4","22","17","1"
"34","56","50","5","24","15","1"
"59","89","52","9","29","23","1"
"69","106","51","9","26","19","2"
"85","127","51","11","27","22","2"
"58","80","51","5","25","15","1"
"72","110","50","9","29","15","2"
"58","81","50","6","26","14","1"
"71","30","52","8","25","19","1"
"79","26","49","10","23","19","1"
"54","89","41","11","32","20","1"
"62","100","43","7","41","17","1"
"57","93","41","11","36","23","1"
"56","93","41","9","38","20","1"
"50","86","41","9","37","21","1"
"68","108","37","9","32","28","2"
"55","93","27","13","30","24","1"
"49","80","36","12","32","23","1"
"63","103","35","13","28","21","2"
"67","111","42","13","22","25","2"
"62","88","35","20","19","22","1"
"64","102","35","28","20","28","2"
"67","102","38","19","18","24","2"
"56","102","31","19","15","31","2"
"74","140","36","22","20","26","2"
"51","90","29","14","19","21","1"
"47","84","33","16","21","22","1"
"58","107","38","14","23","25","2"
"66","119","37","15","16","27","2"
"82","147","39","18","20","24","2"
"67","118","36","10","26","18","2"
"72","134","34","18","29","22","2"
"60","117","36","18","30","22","2"
"65","124","34","13","27","21","2"
"65","125","36","14","21","29","2"
"57","98","27","12","26","22","1"
"57","92","25","15","27","27","1"
"53","90","23","18","19","36","1"
"53","89","29","9","25","19","1"
"52","91","25","12","27","28","1"
"52","86","29","9","28","19","1"
"61","108","24","18","22","34","2"
"53","87","22","10","29","25","1"
"49","81","28","10","29","26","1"
"47","77","25","10","23","20","1"
"57","98","27","13","18","25","1"
"56","89","42","10","16","27","1"
"58","97","28","25","9","55","1"
"54","90","30","17","16","41","1"
"62","101","28","23","16","45","2"
"53","83","34","19","11","45","1"
"74","123","47","26","20","58","2"
"50","68","23","16","12","35","1"
"35","67","28","13","13","35","1"
"58","103","26","14","23","28","2"
"64","107","39","19","17","52","2"
"76","129","35","30","14","63","2"
"45","70","39","8","16","22","1"
"68","120","28","22","17","41","2"
"59","99","25","17","21","30","1"
"72","128","35","24","21","50","2"
"64","106","28","16","14","33","2"
"55","76","27","14","20","31","1"
"55","70","33","16","14","30","1"
"58","81","33","12","19","25","1"
"68","102","27","11","27","22","2"
"71","106","28","12","34","25","2"
"56","74","26","9","29","29","1"
"64","86","34","10","22","27","1"
"68","94","32","10","26","26","1"
"70","101","33","9","28","25","2"
"64","83","35","7","24","23","1"
"54","71","32","6","21","15","1"
"46","59","29","5","18","13","1"
"63","89","33","10","18","24","1"
"53","69","28","10","17","23","1"
"66","95","31","12","24","30","1"
"71","97","30","11","24","29","1"
"63","80","29","8","28","20","1"
"63","89","31","8","32","19","1"
"66","95","26","10","32","28","1"
"74","100","27","15","24","24","1"
"48","66","27","7","26","17","1"
"53","76","31","9","24","26","1"
"58","80","26","9","27","28","1"
"53","79","26","13","21","34","1"
"70","108","25","23","28","38","2"
"65","95","27","14","17","32","1"
"61","91","29","10","23","28","1"
"68","102","31","13","20","30","2"
"59","85","28","13","24","32","1"
"73","105","29","12","39","35","2"
"54","72","26","7","27","24","1"
"64","81","53","12","48","28","1"
"68","81","56","14","40","27","1"
"72","100","54","11","44","23","1"
"94","129","51","15","50","23","2"
"77","111","56","12","62","20","2"
"64","79","51","10","55","17","1"
"84","108","54","11","51","23","2"
"83","111","56","11","50","24","2"
"92","120","59","11","56","26","2"
"78","104","54","10","63","17","2"
"78","119","54","11","43","23","2"
"56","75","51","12","50","23","1"
"79","111","62","11","56","26","2"
"85","115","53","11","53","19","2"
"74","99","55","10","58","20","1"
"82","114","55","11","58","17","2"
"74","100","51","10","77","13","1"
"86","113","51","14","60","19","2"
"54","72","52","9","58","13","1"
"60","82","53","11","54","22","1"
"66","95","54","13","51","30","1"
"81","112","55","16","54","28","2"
"79","109","54","12","46","22","2"
"82","112","56","12","41","27","2"
"82","113","53","13","40","28","2"
"69","97","52","12","53","24","1"
"90","117","54","12","81","29","2"
"64","92","48","8","22","18","1"
"60","84","47","7","23","18","1"
"80","124","45","10","28","17","2"
"86","132","44","9","28","14","2"
"67","105","46","7","38","15","2"
"68","102","44","7","32","16","2"
"73","109","48","8","31","17","2"
"71","110","50","6","33","16","2"
"79","119","51","7","34","17","2"
"67","97","51","4","31","14","1"
"60","80","47","5","21","14","1"
"62","99","50","8","25","18","1"
"66","94","45","6","23","15","1"
"80","126","49","9","28","23","2"
"84","123","49","7","29","16","2"
"70","102","49","5","31","14","2"
"79","121","49","5","33","16","2"
"80","122","48","4","33","17","2"
"77","110","45","5","25","18","2"
"54","81","45","4","19","13","1"
"57","79","49","5","22","20","1"
"63","91","46","5","38","16","1"
"51","73","45","4","29","12","1"
"68","102","47","6","32","17","2"
"69","103","49","6","28","17","2"
"64","96","50","11","30","15","1"
"76","124","49","18","26","20","2"
"73","28","47","17","26","18","1"
"75","29","51","14","43","21","1"
"57","26","9","18","31","29","1"
"62","114","37","13","23","27","2"
"59","108","40","10","18","23","2"
"72","141","37","13","25","20","2"
"84","161","38","14","27","22","2"
"83","153","39","13","31","26","2"
"58","100","38","9","31","22","1"
"69","130","40","12","26","26","2"
"74","145","40","10","29","25","2"
"87","156","42","11","30","25","2"
"71","132","45","9","29","21","2"
"66","119","39","10","21","17","2"
"67","119","39","11","20","23","2"
"57","116","39","13","20","26","2"
"95","174","40","15","22","24","2"
"71","138","37","11","24","29","2"
"73","134","35","9","26","19","2"
"75","150","37","12","32","22","2"
"74","140","36","11","32","21","2"
"80","147","38","13","26","21","2"
"55","102","36","9","30","18","2"
"57","110","39","9","28","26","2"
"56","104","36","10","35","25","2"
"56","104","37","12","27","25","2"
"81","148","38","22","28","24","2"
"68","131","39","14","24","25","2"
"71","140","40","12","24","26","2"
"73","145","39","14","24","27","2"
"66","130","40","12","25","25","2"
"83","154","39","15","37","34","2"
"56","100","38","9","29","22","1"
"54","88","31","12","17","28","1"
"56","90","29","23","11","51","1"
"60","103","31","13","20","27","2"
"73","126","32","13","26","25","2"
"66","115","35","11","36","20","2"
"52","80","32","8","32","23","1"
"60","101","36","10","31","23","2"
"62","108","37","10","30","23","2"
"65","113","40","11","34","22","2"
"55","85","42","6","26","17","1"
"46","70","40","6","18","13","1"
"39","58","28","6","14","14","1"
"59","102","42","11","19","26","2"
"51","82","38","9","20","26","1"
"75","129","35","14","26","26","2"
"70","114","33","11","30","22","2"
"57","89","32","8","32","19","1"
"67","115","33","13","34","27","2"
"61","108","28","9","38","20","2"
"70","112","32","14","24","21","2"
"49","80","31","8","18","19","1"
"51","85","37","9","22","27","1"
"53","85","30","8","27","25","1"
"49","83","27","11","23","32","1"
"77","131","28","24","27","42","2"
"66","116","29","16","24","31","2"
"64","110","32","13","29","35","2"
"70","130","33","17","28","45","2"
"78","140","32","18","29","39","2"
"75","121","37","12","50","21","2"
"53","80","29","6","34","13","1"
"51","68","25","8","29","22","1"
"47","63","24","10","25","28","1"
"50","68","26","11","19","35","1"
"52","70","29","8","24","26","1"
"52","66","29","9","21","27","1"
"56","73","28","15","11","28","1"
"55","71","31","7","18","18","1"
"53","69","33","6","23","16","1"
"52","60","30","6","25","15","1"
"32","50","25","7","29","16","0"
"55","73","25","10","24","25","1"
"55","70","28","8","20","19","1"
"56","75","28","10","17","28","1"
"65","92","30","15","24","36","1"
"56","72","31","8","17","20","1"
"53","70","30","8","17","19","1"
"56","77","28","13","26","22","1"
"59","78","25","11","27","26","1"
"60","89","31","15","24","35","1"
"58","84","29","11","32","34","1"
"59","80","25","13","26","35","1"
"59","81","28","14","25","28","1"
"56","77","28","10","25","27","1"
"59","87","27","12","32","30","1"
"62","89","26","12","34","34","1"
"56","77","27","10","22","33","1"
"62","89","30","11","25","31","1"
"65","93","26","11","40","27","1"
"65","96","28","12","30","29","1"
"79","112","27","17","39","41","2"
"64","86","27","12","35","33","1"
"55","75","50","9","67","13","1"
"52","69","50","10","59","16","1"
"61","85","53","12","47","25","1"
"64","89","53","9","50","14","1"
"61","79","55","9","58","18","1"
"76","100","58","17","38","31","1"
"63","79","53","8","48","16","1"
"60","78","53","9","57","12","1"
"56","67","52","8","57","10","1"
"36","53","48","8","55","9","1"
"58","83","50","10","59","17","1"
"65","88","52","10","47","18","1"
"58","79","51","10","49","19","1"
"69","94","53","11","53","21","1"
"63","84","53","9","46","16","1"
"60","80","54","9","42","17","1"
"62","84","51","9","40","14","1"
"59","83","51","9","42","17","1"
"72","101","55","13","26","36","2"
"73","97","55","12","34","30","1"
"60","87","51","10","29","21","1"
"71","100","52","13","25","26","1"
"63","86","52","9","33","13","1"
"69","101","52","9","41","18","2"
"69","98","51","11","38","24","1"
"61","84","51","9","26","18","1"
"63","90","52","10","32","21","1"
"76","104","51","10","41","22","2"
"68","97","52","10","30","16","1"
"79","110","52","12","38","29","2"
"74","96","51","10","48","19","1"
"51","66","44","9","31","11","1"
"48","65","47","10","29","12","1"
"45","66","48","9","30","13","1"
"56","82","51","8","27","14","1"
"52","82","51","11","23","15","1"
"52","77","42","16","19","18","1"
"59","84","45","10","23","14","1"
"57","84","47","9","26","13","1"
"53","69","45","7","25","10","1"
"36","54","41","6","27","12","1"
"61","88","44","12","30","14","1"
"54","73","46","7","32","11","1"
"61","91","46","11","29","16","1"
"69","102","45","14","29","16","2"
"57","84","45","12","22","15","1"
"53","79","48","9","24","15","1"
"60","88","45","11","30","13","1"
"58","86","43","10","35","11","1"
"68","104","45","14","27","14","2"
"57","83","46","10","29","14","1"
"53","80","44","10","33","15","1"
"58","88","49","14","29","18","1"
"66","100","46","13","31","17","1"
"66","100","46","11","32","15","1"
"57","81","44","10","33","11","1"
"54","82","46","9","30","15","1"
"62","92","47","9","31","13","1"
"63","94","46","10","42","17","1"
"67","28","46","12","35","15","1"
"87","27","46","16","38","17","1"
"64","27","10","19","38","32","1"
"51","86","39","8","30","22","1"
"42","81","38","9","27","20","1"
"55","104","38","12","21","25","2"
"51","87","41","7","23","20","1"
"53","90","38","8","21","19","1"
"59","105","37","16","13","21","2"
"59","101","38","8","19","18","2"
"54","92","40","7","21","17","1"
"48","82","40","6","26","16","1"
"35","68","38","6","30","19","1"
"56","102","39","11","27","23","2"
"57","104","40","8","21","20","2"
"55","101","40","11","19","25","2"
"58","98","41","9","21","21","1"
"63","114","39","11","15","21","2"
"55","100","41","8","17","21","1"
"59","103","41","8","24","20","2"
"58","97","38","9","30","20","1"
"67","119","42","13","28","28","2"
"64","106","40","11","28","23","2"
"50","85","39","8","25","21","1"
"74","134","43","14","22","29","2"
"63","106","40","10","24","20","2"
"61","110","42","11","26","24","2"
"62","106","42","9","26","28","2"
"53","91","40","7","28","19","1"
"58","105","39","10","28","22","2"
"65","123","38","10","36","23","2"
"66","122","39","12","28","25","2"
"76","140","41","16","30","31","2"
"61","109","41","10","32","26","2"
"44","70","30","8","29","11","1"
"46","75","27","8","27","12","1"
"53","80","30","9","27","21","1"
"46","74","33","7","26","18","1"
"50","78","30","9","17","21","1"
"57","94","31","20","12","52","1"
"50","71","37","7","19","18","1"
"49","73","39","7","23","13","1"
"45","61","39","4","21","14","1"
"26","52","27","6","24","14","1"
"54","92","29","11","25","25","1"
"54","78","32","7","27","18","1"
"61","100","33","11","21","32","1"
"73","116","38","14","26","40","2"
"62","87","33","12","17","30","1"
"51","74","35","7","22","20","1"
"59","89","32","8","26","19","1"
"62","97","28","9","30","17","1"
"63","106","38","13","26","33","2"
"55","81","39","8","34","27","1"
"58","89","32","10","31","24","1"
"62","94","35","12","24","29","1"
"59","88","31","9","22","22","1"
"60","97","31","7","32","12","1"
"63","95","31","10","29","20","1"
"64","96","32","9","31","14","1"
"61","96","34","8","29","15","1"
"63","100","31","8","44","12","1"
"67","111","32","10","36","13","2"
"83","126","35","16","32","29","2"
"60","92","30","7","32","14","1"
"63","88","29","15","24","38","1"
"60","83","29","11","30","28","1"
"60","82","27","11","37","30","1"
"58","77","26","10","31","28","1"
"63","85","27","11","28","28","1"
"68","92","31","11","26","24","1"
"52","65","28","9","19","24","1"
"53","76","25","16","23","34","1"
"45","62","25","12","27","31","1"
"51","66","27","10","25","32","1"
"66","93","32","12","34","41","1"
"61","80","26","10","28","27","1"
"51","64","29","8","23","21","1"
"31","42","24","8","20","19","0"
"54","81","29","20","20","45","1"
"48","65","29","9","23","24","1"
"42","66","29","7","26","20","1"
"50","73","29","8","23","22","1"
"53","78","26","8","33","19","1"
"51","69","27","10","25","34","1"
"55","81","28","11","29","36","1"
"57","80","29","11","24","32","1"
"54","80","29","8","27","22","1"
"57","74","34","8","20","26","1"
"49","67","31","7","24","20","1"
"52","72","28","6","28","19","1"
"51","72","27","12","22","33","1"
"45","63","25","9","24","28","1"
"54","76","26","12","29","38","1"
"63","94","27","13","38","37","1"
"79","102","55","14","30","29","2"
"66","89","52","10","39","19","1"
"66","87","51","9","39","18","1"
"62","79","50","9","37","18","1"
"74","100","52","12","35","22","1"
"66","87","51","10","34","13","1"
"58","72","51","9","27","16","1"
"64","87","52","13","27","31","1"
"68","88","54","12","35","29","1"
"58","77","53","9","32","20","1"
"70","99","53","11","46","22","1"
"66","82","51","9","36","12","1"
"56","71","52","9","27","14","1"
"36","47","50","8","47","15","0"
"69","95","54","17","45","35","1"
"52","66","52","8","52","15","1"
"46","66","51","7","53","9","1"
"56","79","53","8","51","15","1"
"52","73","50","8","68","10","1"
"58","81","52","11","54","25","1"
"61","85","52","10","58","19","1"
"64","82","54","10","48","22","1"
"61","85","53","8","53","13","1"
"57","76","53","8","47","13","1"
"55","81","52","8","50","13","1"
"54","81","57","10","63","16","1"
"71","105","63","12","63","24","2"
"57","83","46","13","32","14","1"
"65","99","46","15","29","16","1"
"56","86","45","9","39","13","1"
"53","77","45","9","30","13","1"
"61","93","46","11","36","14","1"
"73","108","48","13","29","15","2"
"60","84","48","11","26","15","1"
"60","82","48","12","29","15","1"
"48","61","46","9","31","12","1"
"49","71","49","9","36","15","1"
"61","89","50","10","43","16","1"
"55","78","47","9","30","13","1"
"51","65","47","8","26","11","1"
"32","51","46","7","21","11","1"
"53","81","50","17","24","22","1"
"51","72","50","10","27","15","1"
"47","72","49","7","29","13","1"
"55","80","50","9","27","15","1"
"56","81","48","10","31","12","1"
"45","59","49","7","33","10","1"
"54","78","50","9","35","15","1"
"57","78","49","14","26","18","1"
"57","82","51","10","29","16","1"
"55","77","52","8","27","15","1"
"54","75","50","11","22","16","1"
"54","74","50","10","27","13","1"
"48","71","49","12","26","16","1"
"61","26","49","13","31","22","1"
"67","27","49","16","40","19","1"
"68","118","40","16","26","27","2"
"65","115","39","12","26","25","2"
"62","111","42","10","34","23","2"
"57","93","42","9","31","19","1"
"69","120","43","12","27","26","2"
"62","109","42","9","29","16","2"
"56","86","42","8","21","21","1"
"63","106","40","15","29","25","2"
"52","82","41","12","27","24","1"
"45","80","42","8","26","19","1"
"59","109","43","10","33","30","2"
"63","111","41","10","24","19","2"
"54","88","42","7","18","16","1"
"36","61","41","6","19","15","1"
"60","110","42","19","18","23","2"
"53","89","42","7","28","15","1"
"50","85","42","6","29","14","1"
"57","101","43","7","23","15","2"
"64","95","30","12","28","26","1"
"62","101","28","9","25","18","2"
"56","92","7","6","45","9","1"
"57","81","30","11","32","38","1"
"67","99","32","11","30","35","1"
"70","85","29","10","28","28","1"
"58","82","30","11","34","29","1"
"55","76","29","11","30","33","1"
"60","83","38","10","26","35","1"
"45","62","29","9","21","28","1"
"54","77","33","11","24","35","1"
"52","69","27","9","32","29","1"
"58","83","26","9","38","26","1"
"59","80","29","10","35","30","1"
"56","76","37","9","23","35","1"
"52","67","28","8","25","31","1"
"64","90","33","11","35","35","1"
"75","106","29","12","34","37","2"
"66","95","28","15","32","44","1"
"65","93","34","11","36","30","1"
"44","55","25","9","19","26","1"
"41","58","29","14","15","30","1"
"33","53","29","10","21","27","1"
"45","65","25","9","28","32","1"
"64","95","31","18","19","48","1"
"57","83","29","10","20","36","1"
"58","85","27","11","28","36","1"
"62","95","27","14","33","37","1"
"55","78","29","14","23","43","1"
"55","76","29","15","22","39","1"
"51","69","28","16","22","39","1"
"50","64","31","19","18","35","1"
"48","68","31","12","25","40","1"
"53","70","27","11","32","32","1"
"57","84","59","10","65","16","1"
"70","103","61","10","58","17","2"
"64","86","62","11","53","18","1"
"62","95","60","11","64","24","1"
"65","90","67","11","54","27","1"
"65","91","66","9","58","23","1"
"49","64","60","9","50","20","1"
"60","85","64","10","54","20","1"
"53","77","62","9","60","19","1"
"60","83","61","9","72","12","1"
"68","100","64","12","66","26","1"
"77","105","76","12","49","31","2"
"57","76","63","9","58","18","1"
"73","105","65","12","70","28","2"
"82","108","64","13","64","27","2"
"64","95","63","13","63","28","1"
"50","60","58","9","45","13","1"
"46","63","60","16","42","29","1"
"50","67","73","11","50","26","1"
"52","68","61","9","57","24","1"
"73","115","82","14","46","38","2"
"67","95","81","10","53","28","1"
"62","96","60","12","62","21","1"
"65","100","62","12","70","27","1"
"63","83","67","13","50","32","1"
"62","86","64","10","49","21","1"
"51","70","67","12","49","30","1"
"54","74","80","14","49","26","1"
"64","90","81","13","56","32","1"
"56","79","63","12","56","28","1"
"58","77","49","9","35","11","1"
"64","100","50","12","28","27","1"
"54","76","50","8","32","14","1"
"52","72","50","9","36","11","1"
"42","65","51","7","36","10","1"
"48","67","51","6","34","11","1"
"44","62","50","7","28","11","1"
"45","63","51","7","38","11","1"
"55","77","51","9","40","14","1"
"58","79","51","10","39","12","1"
"47","65","51","8","37","11","1"
"52","71","52","9","38","15","1"
"61","88","51","12","32","17","1"
"72","107","52","14","40","19","2"
"64","92","51","15","35","18","1"
"65","95","51","15","39","18","1"
"51","66","50","11","24","15","1"
"45","61","50","15","18","17","1"
"36","52","51","10","29","12","1"
"53","74","53","11","29","15","1"
"59","87","52","13","39","21","1"
"68","102","51","17","47","18","2"
"62","90","51","13","38","15","1"
"51","71","51","13","30","15","1"
"45","64","52","8","33","13","1"
"47","60","51","14","15","18","1"
"37","31","52","17","13","18","1"
"48","31","51","12","39","18","1"
"66","103","47","8","37","17","2"
"52","77","41","7","27","23","1"
"58","98","45","9","30","22","1"
"55","83","47","7","36","21","1"
"61","97","42","9","43","16","1"
"62","100","43","10","44","26","1"
"70","111","47","9","32","25","2"
"100","157","41","15","50","26","2"
"67","122","40","14","51","23","2"
"57","88","42","11","32","19","1"
"52","80","41","18","31","23","1"
"71","120","45","13","36","21","2"
"65","109","45","10","35","20","2"
"68","113","44","15","39","23","2"
"62","104","44","11","41","22","2"
"75","130","45","16","36","24","2"
"59","90","43","10","50","21","1"
"54","78","40","11","56","18","1"
"51","79","41","15","45","15","1"
"62","103","43","15","58","18","2"
"58","85","32","16","22","41","1"
"50","63","29","14","22","35","1"
"49","63","33","13","21","38","1"
"57","83","30","17","34","47","1"
"56","75","31","19","18","46","1"
"55","72","30","13","22","40","1"
"38","56","27","8","23","25","1"
"38","55","29","18","15","32","1"
"55","73","32","14","17","38","1"
"38","55","28","10","16","25","1"
"41","55","48","12","13","15","1"
"32","49","31","10","16","9","0"
"51","70","36","16","27","12","1"
"42","53","29","11","18","7","1"
"27","39","30","8","16","7","0"
"31","47","31","8","11","6","0"
"55","71","50","13","15","9","1"
"55","75","43","18","19","13","1"
"28","40","31","7","16","5","0"
"28","44","33","7","13","6","0"
"41","54","33","15","16","6","1"
"27","33","32","7","14","5","0"
"20","30","32","7","13","5","0"
"23","35","30","8","12","6","0"
"39","57","34","10","11","7","1"
"34","56","32","12","9","7","1"
"30","37","30","10","8","5","0"
"19","20","29","5","14","4","0"
"23","28","30","7","12","5","0"
"29","50","31","9","18","7","0"
"64","88","77","12","48","28","1"
"51","70","13","14","49","34","1"
"63","95","20","13","63","42","1"
"64","84","26","14","46","34","1"
"51","73","13","11","52","26","1"
"39","62","7","10","55","17","1"
"37","58","28","11","36","21","1"
"34","54","18","9","38","19","1"
"28","53","5","8","41","14","1"
"60","80","21","11","45","27","1"
"58","81","14","10","56","24","1"
"32","45","5","7","42","12","0"
"29","50","7","8","41","16","0"
"40","58","7","15","45","18","1"
"25","44","8","7","41","12","0"
"25","55","5","7","41","9","1"
"21","45","4","7","37","12","0"
"39","58","7","9","40","21","1"
"48","68","11","11","39","31","1"
"50","71","51","17","27","20","1"
"50","63","51","16","18","18","1"
"40","62","51","13","37","18","1"
"52","74","52","16","36","19","1"
"52","71","52","17","22","19","1"
"55","75","52","13","42","20","1"
"44","61","51","10","24","16","1"
"33","52","52","17","25","16","1"
"51","62","51","8","14","11","1"
"47","61","51","12","12","14","1"
"44","61","47","10","30","12","1"
"43","65","47","13","40","18","1"
"53","82","47","11","24","11","1"
"47","66","49","9","28","11","1"
"20","28","41","3","28","5","0"
"37","53","43","6","31","8","1"
"52","76","41","14","29","13","1"
"29","41","42","4","27","6","0"
"24","30","41","3","29","4","0"
"35","55","42","5","34","7","1"
"63","83","42","12","27","11","1"
"16","25","41","4","34","6","0"
"29","30","42","7","19","8","0"
"46","31","43","10","35","11","0"
"54","77","40","18","47","22","1"
"51","83","42","12","73","17","1"
"58","93","43","17","27","24","1"
"61","95","43","16","14","20","1"
"55","86","44","11","26","29","1"
"52","81","44","9","35","17","1"
"52","70","44","14","26","16","1"
"64","106","43","15","31","19","2"
"61","100","37","11","20","19","1"
"45","71","37","10","13","14","1"
"32","63","37","7","19","14","1"
"52","82","38","14","30","17","1"
"48","68","36","13","24","14","1"
"36","58","36","7","16","11","1"
"42","68","36","10","15","14","1"
"60","99","39","10","19","14","1"
"63","106","41","9","27","18","2"
"23","38","36","3","17","8","0"
"26","58","38","6","21","13","1"
"44","65","37","19","13","14","1"
"23","45","37","4","14","9","0"
"17","37","36","3","15","7","0"
"27","59","37","5","26","12","1"
"54","80","38","11","24","18","1"
"58","78","38","14","17","13","1"
"37","56","37","8","13","12","1"
"18","33","37","4","18","10","0"
"29","55","37","8","17","11","1"
"39","66","38","8","24","15","1"
"52","77","19","10","14","35","1"
"52","74","24","10","20","35","1"
"23","34","13","2","15","7","0"
"28","50","17","4","16","17","0"
"46","62","15","17","14","44","1"
"22","38","15","3","14","10","0"
"15","34","15","2","13","6","0"
"22","43","13","3","13","8","0"
"43","67","19","6","14","16","1"
"32","59","16","7","15","20","1"
"22","36","13","7","18","22","0"
"18","26","12","2","16","8","0"
"15","34","13","3","13","9","0"
"23","52","15","4","21","10","1"
"49","65","33","13","15","12","1"
"28","34","31","7","15","5","0"
"39","52","35","13","15","9","1"
"41","57","39","15","15","9","1"
"60","81","55","23","18","11","1"
"30","31","34","12","16","9","0"
"45","60","33","17","18","10","1"
"33","50","36","10","21","11","0"
"46","59","43","14","19","12","1"
"28","43","33","8","24","9","0"
"44","57","32","17","15","7","1"
"31","46","34","10","13","6","0"
"46","61","46","15","16","10","1"
"58","75","43","19","20","14","1"
"56","74","39","20","24","16","1"
"53","71","42","18","24","15","1"
"51","63","39","18","22","10","1"
"58","81","38","24","33","15","1"
"52","63","39","13","23","11","1"
"52","74","41","19","22","17","1"
"63","85","56","28","25","19","1"
"56","77","57","18","20","18","1"
"34","52","53","15","17","11","1"
"53","68","56","17","17","9","1"
"35","53","51","11","22","10","1"
"52","71","61","15","20","15","1"
"51","65","53","15","18","13","1"
"31","49","54","10","24","11","1"
"55","71","53","16","23","14","1"
"62","85","52","23","20","14","1"
"32","50","40","7","40","14","0"
"34","55","41","9","48","17","1"
"40","63","43","8","43","16","1"
"46","65","44","14","39","24","1"
"61","88","51","18","45","31","1"
"33","58","42","11","43","19","1"
"49","71","31","15","51","30","1"
"31","52","32","8","50","20","1"
"33","54","34","9","41","24","1"
"33","50","33","8","51","22","1"
"49","62","40","13","42","22","1"
"31","53","34","9","34","23","1"
"51","65","43","9","35","26","1"
"62","86","44","11","50","30","1"
"58","75","35","15","57","32","1"
"44","64","35","13","54","24","1"
"65","96","40","21","78","33","1"
"53","67","32","11","58","20","1"
"65","94","36","21","54","49","1"
"70","99","46","19","42","42","1"
"36","56","35","15","36","27","1"
"53","70","38","19","35","30","1"
"41","55","38","15","37","24","1"
"50","66","35","14","40","24","1"
"53","68","38","16","34","33","1"
"47","64","38","13","38","35","1"
"61","85","33","23","37","44","1"
"53","70","43","12","32","15","1"
"35","55","42","7","29","9","1"
"54","67","43","9","32","11","1"
"50","65","45","10","26","13","1"
"51","66","43","15","27","12","1"
"62","91","47","17","42","18","1"
"20","28","44","7","32","10","0"
"39","62","45","17","45","13","1"
"46","60","46","11","51","16","1"
"38","55","45","8","47","12","1"
"53","68","44","11","23","10","1"
"35","58","35","10","33","12","1"
"57","90","34","20","48","23","1"
"54","74","34","13","43","15","1"
"49","72","34","14","39","18","1"
"56","82","34","21","44","24","1"
"56","78","34","12","44","17","1"
"33","53","34","9","31","10","1"
"54","77","33","18","31","13","1"
"39","59","33","14","36","12","1"
"75","116","35","23","38","21","2"
"47","54","21","12","20","9","1"
"60","53","21","15","19","13","1"
"63","100","39","12","19","23","1"
"33","56","38","5","18","13","1"
"41","71","39","7","23","15","1"
"42","62","39","8","14","15","1"
"53","80","39","17","13","15","1"
"52","83","41","20","23","19","1"
"179","58","39","9","17","15","2"
"47","76","40","14","25","14","1"
"38","63","40","9","28","19","1"
"45","73","42","10","24","19","1"
"32","60","39","7","22","17","1"
"50","76","40","7","28","14","1"
"69","124","40","15","29","23","2"
"78","136","41","14","32","18","2"
"55","81","39","13","34","17","1"
"64","102","41","21","40","22","2"
"57","86","42","10","30","16","1"
"50","71","18","8","19","18","1"
"22","42","14","2","19","5","0"
"30","54","16","3","18","9","1"
"34","54","27","5","14","15","1"
"51","71","30","12","12","29","1"
"61","85","36","23","18","57","1"
"25","44","22","5","15","21","0"
"44","66","17","13","23","30","1"
"30","50","20","5","31","15","0"
"48","63","32","8","28","30","1"
"32","54","21","5","31","15","1"
"39","60","16","13","20","34","1"
"22","45","20","3","16","14","0"
"36","56","33","3","21","21","1"
"51","67","32","5","31","28","1"
"56","82","23","11","34","36","1"
"52","73","26","8","28","35","1"
"45","63","18","8","22","32","1"
"54","84","19","18","35","45","1"
"48","65","20","6","22","16","1"
"47","73","20","15","31","49","1"
"62","90","19","24","29","65","1"
"59","88","24","16","23","44","1"
"32","59","25","9","19","52","1"
"55","81","34","17","15","62","1"
"32","57","27","9","20","34","1"
"54","76","36","14","21","47","1"
"44","68","20","11","21","33","1"
"34","54","28","8","25","29","1"
"53","75","25","15","23","44","1"
"60","87","28","19","30","53","1"
